,precision,recall,f1-score,support
-1,0.717391304347826,0.7674418604651163,0.7415730337078652,43.0
0,0.7766990291262136,0.7339449541284404,0.7547169811320755,109.0
1,0.8013698630136986,0.8181818181818182,0.809688581314879,143.0
accuracy,0.7796610169491526,0.7796610169491526,0.7796610169491526,0.7796610169491526
macro avg,0.7651533988292462,0.7731895442584583,0.7686595320516066,295.0
weighted avg,0.7800132565175346,0.7796610169491526,0.7794483339690242,295.0
