,precision,recall,f1-score,support
-1,0.717391304347826,0.717391304347826,0.717391304347826,46.0
0,0.6699029126213593,0.75,0.7076923076923076,92.0
1,0.7876712328767124,0.732484076433121,0.7590759075907592,157.0
accuracy,0.735593220338983,0.735593220338983,0.735593220338983,0.735593220338983
macro avg,0.7249884832819659,0.733291793593649,0.7280531732102976,295.0
weighted avg,0.7399845814332505,0.735593220338983,0.7365512196591237,295.0
