,precision,recall,f1-score,support
-1,0.782608695652174,0.7058823529411765,0.7422680412371134,51.0
0,0.7572815533980582,0.7155963302752294,0.7358490566037735,109.0
1,0.726027397260274,0.7851851851851852,0.7544483985765125,135.0
accuracy,0.7457627118644068,0.7457627118644068,0.7457627118644068,0.7457627118644068
macro avg,0.7553058821035021,0.7355546228005304,0.7441884988058,295.0
weighted avg,0.7473573946738515,0.7457627118644068,0.7454703426465534,295.0
