,precision,recall,f1-score,support
-1,0.8043478260869565,0.6607142857142857,0.7254901960784315,56.0
0,0.7864077669902912,0.7297297297297297,0.7570093457943925,111.0
1,0.726027397260274,0.828125,0.7737226277372263,128.0
accuracy,0.7593220338983051,0.7593220338983051,0.7593220338983051,0.7593220338983051
macro avg,0.772260996779174,0.7395230051480052,0.7520740565366834,295.0
weighted avg,0.7636143974444304,0.7593220338983051,0.7582779142845244,295.0
